,Beam length (um),Beam width (nm),Thickness_1 (nm),Thickness_2 (nm),Temperature (K),Distance (nm),Gate voltage (V),M1 Eigenfrequency (Hz),M1 Quality factor,M1 Effective mass (kg),M1 Noise (kg^2/s^3),M1 TED (W),M2 Eigenfrequency (Hz),M2 Quality factor,M2 Effective mass (kg),M2 Noise (kg^2/s^3),M2 TED (W),M3 Eigenfrequency (Hz),M3 Quality factor,M3 Effective mass (kg),M3 Noise (kg^2/s^3),M3 TED (W),M4 Eigenfrequency (Hz),M4 Quality factor,M4 Effective mass (kg),M4 Noise (kg^2/s^3),M4 TED (W)
0,75.45986071890192,507.5647961114718,200.0000000000883,46.96425877511936,248.25648102557167,814.0947028996603,29.159804454898,1115124.8753850143,25568.58296865939,1.1781544378541904e-14,1.041838661717138e-24,1.1840713105317806e-11,2644844.468094278,20922.758653818717,1.2676808873858116e-14,2.6762640276674376e-24,1.3528252909263956e-11,4770284.291931885,16693.369611166498,1.2725553801699923e-14,4.8976403744988746e-24,1.4398304531149136e-11,7540341.64753379,13215.224954124467,1.2690615236914436e-14,7.833137560478167e-24,1.4896604079040758e-11
1,25.543722452149616,593.4290719217666,199.99999999994768,22.45658102445252,69.81757669129524,594.3525773007387,13.619452590354731,9505155.489032757,22719.24349817749,4.1456544529475786e-15,6.633220730572506e-24,3.861089816420384e-12,24248810.02125727,15070.746755272992,4.537626281522649e-15,1.9030480091642174e-23,4.191911534954448e-12,45618756.936183,11236.556391470625,4.52744169008153e-15,3.7160732375487616e-23,4.394957304700936e-12,73561729.37741475,9854.550865612759,4.512497733157098e-15,6.272040134622473e-23,4.571123842239016e-12
2,106.62684731595104,507.0887037786543,149.99999999996095,38.65082135423268,9.013168404477124,564.3171866423007,38.27284498652104,1442189.340501445,30150.92070377769,1.4118228926587034e-14,2.929932482047785e-26,3.249913145706925e-12,2954872.7213188414,29867.90820315606,1.4262469317095866e-14,6.064570796578328e-26,8.314827186435112e-12,4601343.542867442,29565.145069318693,1.4389328850496378e-14,9.528376553061044e-26,1.3798022296432944e-11,6433479.495478389,29234.75326577683,1.4437532859251234e-14,1.336842690906466e-25,1.6271093079150383e-11
3,371.7556566570935,861.4861399635114,150.00000000006085,17.823649076744573,35.84529499517523,583.0829728396344,6.620352653322839,346903.59844648617,50052.21198102095,7.810252141206511e-14,7.508355518624713e-27,8.524184485579583e-12,699578.9488873201,48491.11126488058,7.826943382135339e-14,1.517453298589976e-26,2.2213343500534696e-11,1063606.8807502564,46978.98894612793,7.850764774996857e-14,2.3142258711934443e-26,2.8624099643691197e-11,1444212.729000549,45496.05456018299,7.8739275655566e-14,3.15195616338078e-26,3.4516731801155805e-11
4,75.21067813577228,242.58282005323568,200.000000000056,48.52572614326464,0.2694420783578188,773.5348461193933,23.096675677462024,1975168.9294577795,14554.376337508786,6.442763251881366e-15,2.2999328951165465e-27,7.986237540852453e-13,3996219.159950953,14553.77065217755,6.4651258725124685e-15,4.6694460678709535e-27,2.2576224191953703e-12,6106861.731864179,14553.135039431409,6.493940977994879e-15,7.167471088313795e-27,4.2678675858156106e-12,8346915.706335231,14552.439910111747,6.516339740845719e-15,9.830381261718933e-27,6.624590765070657e-12
5,20.38646739232456,869.4951746847239,99.99999999999292,41.06741381808966,0.1710007587275618,763.9446971936849,0.5309737969654992,19214668.496640895,51513.65775473975,2.9773650025291857e-15,2.491836061855108e-26,8.723664406365873e-12,49705603.287335314,50915.538435941,3.274981931913968e-15,7.090799940685544e-26,9.253678543181708e-12,93442522.71226102,50823.005403951625,3.2575691585943666e-15,1.3260385085661655e-25,9.56401342016353e-12,149271128.5647755,51041.00929136182,3.239327440545652e-15,2.106641919534598e-25,9.848379281483628e-12
6,392.7487395975311,840.9650034968414,149.9999999999953,20.29738093726255,239.34057240911423,541.020173346726,18.87554514023802,161122.96832353834,45931.926754539236,7.819626507151522e-14,2.1399385017482867e-26,2.8054670336397877e-11,332443.6782059887,41927.900443943756,7.931471584388204e-14,4.4797350385091365e-26,4.165438355734846e-11,522833.0639341696,38219.137757999786,8.013291108420033e-14,7.121719816828785e-26,5.093650827661488e-11,739188.6072573763,34723.50732545566,8.034139924037754e-14,1.0103481255484768e-25,5.807714967828333e-11
7,58.29458937891204,102.25360312034866,199.99999999997257,25.71199616417061,1.123517794036319,994.048966094656,25.60045362450188,2312322.677704485,6135.145412099095,1.978638973194593e-15,1.3616070274305507e-26,3.3309954793480643e-13,4644169.231250938,6135.071091727575,1.9800037082629054e-15,2.7365976958931247e-26,9.564980197708326e-13,7014747.166010118,6134.995911118338,1.9821323705333296e-15,4.1379162707124565e-26,1.842646178140734e-12,9442655.435439827,6134.922343346622,1.9847256651041014e-15,5.577396451053337e-26,2.9539588350311734e-12
8,193.83072002890884,307.2990299200408,200.0000000000451,19.190027453000805,35.68009839017675,895.9950349757786,28.596483777149093,641481.7885028153,18390.576807286725,1.929394954100465e-14,3.5206789123986806e-26,1.1951114092333488e-12,1288252.0802632319,18343.050972813624,1.9308009378910372e-14,7.075694663380359e-26,3.405171087861584e-12,1945514.9313050231,18294.888134114313,1.933024900583549e-14,1.069831917267622e-25,6.4177209914278296e-12,2618313.338716003,18245.439377621504,1.935747309532885e-14,1.4419056949010803e-25,9.745352999745873e-12
9,35.34894186704418,911.1052102171866,199.99999999995367,49.66535735875362,0.5275471085798089,627.7212802785102,29.565036513841715,7706863.85757949,53800.22514119526,9.788707574879896e-15,3.218068976859668e-26,8.099282335921878e-12,19283824.89948554,52741.71552592522,1.0677545144880591e-14,8.785743125161521e-26,8.864031373235148e-12,35858962.49836342,51907.80416903744,1.0664754029881417e-14,1.6324786226461275e-25,9.29903934206883e-12,57414940.59778795,51678.750169200124,1.0624701251810916e-14,2.6054048483864747e-25,9.608450540853919e-12
10,154.0541225557898,351.8177175893608,149.99999999991869,39.43109497426448,17.255143259214687,727.8021518605954,20.444243926313376,933313.2250120179,21029.2417239812,1.4802225880853293e-14,2.6278672784452656e-26,9.73319081163782e-13,1877777.9444863098,20949.008936366816,1.4821282446446372e-14,5.293992217408865e-26,2.7784787286446682e-12,2844283.802250418,20867.418305712275,1.4850168166024432e-14,8.034605836226158e-26,5.2749745636373866e-12,3843223.035596102,20783.577821572777,1.4882305552978173e-14,1.0880210231550917e-25,8.278875694793567e-12
11,335.7949721941717,909.5713833813736,100.00000000002969,23.069822909313856,104.2789834761236,551.5976090451044,15.05510678527358,358651.6015185299,47645.337032657844,5.3446859636184494e-14,1.794127412282397e-26,1.3875449812183467e-11,726342.8100178121,42158.63358758724,5.3659463887771255e-14,3.6484786623974784e-26,3.627466946207543e-11,1111650.4438250188,37620.54501705717,5.3926841607888525e-14,5.612826126142007e-26,5.0096809081586136e-11,1522327.2080587803,33750.944574264155,5.412614734256126e-14,7.716781821249249e-26,5.962399826041324e-11
12,825.2493769607056,241.4682905423126,99.9999999999826,20.11419102549546,32.2154659264962,808.1328717060827,8.937702037858104,158188.90653737474,14482.939351541045,3.5956738058840143e-14,1.025613174625144e-27,1.1507813481969458e-13,316417.3263274309,14477.854875532588,3.595696927412385e-14,2.051492040337205e-27,3.398262889035918e-13,474717.0109011935,14472.76307066657,3.5957145274413384e-14,3.077839567593236e-27,6.735220920594625e-13,633124.3009224826,14467.659296456153,3.5957253734055344e-14,4.1048880659897975e-27,1.115324668641204e-12
13,195.1110079983017,803.4077719784884,150.00000000003138,33.29112419857911,0.3002683136599257,519.8679130523726,8.41747358557918,776845.5709711696,48174.76219785183,4.029262593489677e-14,2.828540908603341e-28,2.2057478083238546e-12,1583006.4741444527,48144.00233049097,4.0580665097277634e-14,5.805027878604879e-28,1.312570451656423e-11,2445498.536581275,48111.14917493583,4.0878902783442744e-14,9.033786552816143e-28,2.489286654430109e-11,3387495.526040671,48075.43011827651,4.103460453288644e-14,1.2561253633228063e-27,2.912609471830617e-11
14,32.71942570072541,1063.6099050749294,149.9999999999481,36.04887120424596,138.0562044037984,706.6724809350846,25.144438801672067,9255881.42292144,7373.894107892656,7.807396522137034e-15,8.386878699670334e-24,9.762917302160598e-12,24368691.828238185,3923.166327577522,8.602359027612546e-15,2.5990508590978602e-23,1.0246220262943742e-11,46429673.867808975,3599.7360584616126,8.562701352051672e-15,5.384182414511847e-23,1.0535467423754343e-11,75052895.76922245,4244.746784527845,8.532858723037508e-15,9.546588966264112e-23,1.0799048763518052e-11
15,857.4067174356,729.0578326909341,150.00000000005812,42.82916538416576,0.1970710614539901,484.7623857203676,30.21631423571402,170710.4410787349,43740.01796368735,1.779967362351547e-13,1.0283810370554802e-29,6.781994448958839e-14,341677.45616811654,43737.0547519677,1.7800666513974486e-13,2.05841259363244e-29,4.019223064762668e-13,513155.1790400956,43733.91554556987,1.7802321635071038e-13,3.091752816412084e-29,1.1984567449004354e-12,685397.4599695732,43731.11097447314,1.7804481849226505e-13,4.1299742224936064e-29,2.6579500736463945e-12
16,852.2977026738242,290.68621834741816,99.99999999998587,18.58805368654109,1.7396625815329836,702.802874473852,28.61845245572504,160752.5673415864,17440.284267282528,4.415975459663594e-14,5.383223290456299e-29,5.1013924926644855e-14,321550.1031012981,17439.958196104606,4.415997321531833e-14,1.0767853038963099e-28,3.0218716393166493e-13,482438.706971049,17439.429440329943,4.4160431514588934e-14,1.6155708119228752e-28,9.00487193814739e-13,643463.7509753163,17437.87551203815,4.4160664715227485e-14,2.1549372905773927e-28,1.6395628336763174e-12
17,184.01555857800952,190.22431455087656,149.9999999999702,40.72424724698229,15.287665892265858,797.5704116744611,7.944621518137062,762861.4821115903,11408.389683403779,9.83285159776848e-15,1.6386482672269326e-26,2.099753047321245e-13,1527585.8478636788,11403.303548055526,9.833967539445942e-15,3.2816918709640727e-26,6.16948514861154e-13,2296028.47402961,11398.19767272415,9.835744750193586e-15,4.933450282178409e-26,1.2162458932155925e-12,3070027.828395468,11393.047977455446,9.838122851686892e-15,6.598178853519779e-26,2.0023182852029983e-12
18,11.40031695939901,510.9109273412574,100.00000000001172,35.956866825001406,0.7201022460102288,409.12708397952224,7.877882959553943,35935446.729773976,30046.05969427498,9.451374905094938e-16,3.390737156190489e-25,3.541491360480812e-12,93414865.62934254,29331.30171649448,1.04029204582504e-15,9.70439841014825e-25,3.774990714138528e-12,175849393.81981963,28931.23932172889,1.0334460332906678e-15,1.8154899712925154e-24,3.950123257048148e-12,280777394.1135278,28965.94898077558,1.0265633289431069e-15,2.8812264250293542e-24,4.123745009499021e-12
19,95.5811309328323,700.4415407084566,200.00000000006105,23.02397154271956,13.444263646957326,501.37350661711406,24.17970288849395,1595723.4162185898,40797.83207788806,1.995622843399628e-14,6.158964152754838e-26,8.849038480808689e-12,3407647.2619174183,39485.14257215157,2.063715260753746e-14,1.3606008161579418e-25,1.147145926270938e-11,5594134.765135779,38015.92087949149,2.087374707696332e-14,2.26078957064493e-25,1.3302510129707891e-11,8249097.2797118975,36399.34366092843,2.0847933601242428e-14,3.3331390896281205e-25,1.4521131656800871e-11
20,20.991548822915355,606.7597289568832,99.99999999998734,26.13231946714665,74.88660091451305,814.8729573005196,25.63335576560817,13518442.75249122,16456.827092829928,1.9418159706071787e-15,6.81539728382603e-24,5.785937844865793e-12,34774280.702614374,9268.077149159775,2.1302275225190466e-15,1.9486644814279892e-23,6.175380916427682e-12,65581938.66466392,6431.032594149958,2.1238202250806364e-15,3.734934511797671e-23,6.389881739347405e-12,105646793.85159826,5529.77220057764,2.1164113252200687e-15,6.13898439644098e-23,6.557382803037587e-12
21,40.42935514310786,395.9904699121793,150.00000000003067,37.05371835269543,0.3922401338611565,471.30853999427467,18.305179880467797,4337244.938936097,23746.069540288492,3.887957816443929e-15,9.405956199951684e-27,3.907678090916492e-12,9429887.81120267,23730.312452187216,4.0560532132633215e-15,2.1334468942094504e-26,6.1508911250051554e-12,15782505.768199122,23710.632829504983,4.097780693663224e-15,3.60748110014528e-26,6.9974308945048786e-12,23654543.108591136,23686.402238829087,4.08742493669768e-15,5.393306277983777e-26,7.546947421901912e-12
22,393.5695713289531,633.4347310243872,99.99999999999037,15.99856117740133,0.3514929553302625,595.1923816930597,2.3987644368325856,352863.30784980627,38000.63334903771,4.256695955934438e-14,4.952711052008487e-29,2.17148236390531e-13,708033.6784231085,37995.159314664845,4.2589172334563744e-14,9.942989298488107e-29,1.2850373926798578e-12,1067790.1717759622,37989.61330460211,4.262419193455685e-14,1.5007417883842142e-28,3.844894486329105e-12,1434355.4425223551,37985.911961895305,4.266919408503925e-14,2.017961614566548e-28,8.584504179126092e-12
23,26.5960984748846,876.3865022918334,149.99999999994026,28.44459175130814,0.1164510846134958,816.2691035307561,7.59729529067207,12241134.018683992,52352.92418199282,5.0543933283118864e-15,1.0698161604506403e-26,6.342663816431404e-12,31548929.10577173,52132.60168613398,5.5490662741722324e-15,3.0272599246050887e-26,6.775344578116077e-12,59463659.535172105,52085.7589885625,5.528845052263542e-15,5.685519156089487e-26,7.037979289183902e-12,95587323.3841568,52158.703680315244,5.506534108264631e-15,9.103534791194959e-26,7.2651055998503245e-12
24,587.6796412176095,982.4403121133428,200.0000000000474,21.339021632444155,5.289214944312656,680.5928084997946,20.45593432313728,226069.95015591334,58682.045470464065,1.8866604667769454e-13,6.119738076902415e-28,5.8502345116071445e-12,453942.8279729122,58417.97973981153,1.887977826533951e-13,1.2296888514862235e-27,1.632580518273186e-11,685392.8415380142,58152.23453971345,1.89007768510975e-13,1.858738948473756e-27,2.978830430446995e-11,922141.5804226655,57885.62723071827,1.892648762919152e-13,2.504091149562951e-27,3.704860656486973e-11
25,161.95858908203328,365.9036132274293,199.9999999999425,29.53490359707746,9.018481183267646,530.8628890661985,24.869685350213867,846823.7669002109,21917.75706839967,1.9783463858293984e-14,1.4489404997863862e-26,1.3211045988332944e-12,1705209.7318627294,21880.875078186364,1.981472270863119e-14,2.92231120147997e-26,3.7176186300026386e-12,2586407.76222183,21843.046534378784,1.9861003197132645e-14,4.442899324373591e-26,6.9134511560677515e-12,3501080.8298882456,21803.76029727424,1.990968082339285e-14,6.02901005008001e-26,1.0579318945735766e-11
26,36.75012609752347,268.237047386409,200.00000000007847,14.992695320402246,6.987458021106505,538.8438723982715,19.5743430206846,4083875.372471607,16061.70868511143,2.8374512815785747e-15,2.0573006530077784e-25,3.0980496293981148e-12,8749130.907464216,16024.136692159924,2.938625619263528e-15,4.56507785238956e-25,3.997664305881836e-12,14415052.364222677,15978.056233829355,2.9712379129248404e-15,7.606157685186405e-25,4.624130416095263e-12,21324623.516767703,15921.845227142434,2.9660357484178558e-15,1.1235046963787331e-24,5.044283818111458e-12
27,143.56271465840965,1056.589881354149,150.0000000000588,25.270370198421816,0.1770422174285919,684.868467739343,14.750076596980591,1114034.8746932703,63327.23593621711,3.556266652857952e-14,2.964646762801229e-28,3.90989176699603e-12,2361684.327079594,63251.572190877276,3.6635931415469805e-14,6.474562297215457e-28,2.3568239805510423e-11,3844366.526061975,63163.434793639,3.706422257459082e-14,1.0662611578612462e-27,2.752698709425789e-11,5625533.196010256,63061.51029825363,3.7041376291796743e-14,1.5593316793746902e-27,3.0188212283739445e-11
28,574.8933180466306,458.7647675071333,100.00000000002385,42.8926809038986,127.3792023127296,804.8746398648963,7.976784051744301,202739.00916919173,27098.25194526797,5.5038769864354905e-14,8.628327467288922e-27,8.451619381076553e-13,405878.2638873914,26683.146388019468,5.5043334617606477e-14,1.7274740336362175e-26,2.488946342811841e-12,609816.013848383,26278.88075318508,5.505090509368583e-14,2.595774207762657e-26,4.90484223674071e-12,814947.997458345,25884.261374568818,5.50611767977897e-14,3.469560682014519e-26,8.058845556505546e-12
29,26.20734432389928,701.5960877293664,99.99999999998468,40.42232812382765,20.93739115296513,671.3378162588206,14.6852840834745,10539690.197021123,28598.763069762485,3.1070561957602224e-15,1.3117437014330086e-24,9.119380165648828e-12,26267688.556596823,19771.412974844126,3.387119359629065e-15,3.57467982336925e-24,9.957965934639958e-12,48717233.96443481,14647.288600239724,3.3840159666810196e-15,6.653901899418994e-24,1.0379223468497384e-11,77860898.26897262,12257.007619228707,3.3712445753089186e-15,1.0656077737935946e-23,1.0660749181950967e-11
30,347.3478204974582,760.6707265134004,199.99999999993804,34.7633778210564,0.9846045421254436,516.25206186442,2.666372619568475,407141.4894870684,45602.6597106679,9.022378696284989e-14,3.627389129286214e-28,2.3410642424686386e-12,819103.6609978346,45564.68074700325,9.033878662108957e-14,7.307028484273083e-28,9.038674678579329e-12,1240594.9199253062,45525.86994478668,9.051368195866743e-14,1.1088485216974471e-27,1.6625941783657068e-11,1676110.974413599,45485.91751647978,9.070836650514153e-14,1.5013362136028943e-27,2.5100747124169123e-11
31,131.22364534458112,82.52377605530884,150.00000000004246,42.68155639991024,214.82448441637453,584.9783353041137,21.23464807169089,567817.368570456,4949.522034879762,3.0717569849335773e-15,2.427000365219228e-25,3.932648255270599e-13,1137461.7592573564,4947.654164252358,3.07226375128604e-15,4.8625915519079645e-25,1.14677756147285e-12,1710743.78650738,4945.759489095522,3.0730872672883448e-15,7.315296786922222e-25,2.244561730032423e-12,2289456.6634905296,4943.835666062748,3.0742107869925216e-15,9.793521085325594e-25,3.665593740518902e-12
32,22.77576567467635,646.202486497456,200.00000000006108,46.58367895522881,205.72311125923744,997.631720640022,33.96967529517882,11418265.372840129,8990.203362819586,4.371141641196108e-15,3.014113237803085e-23,4.885258611295877e-12,30402284.25877288,4199.551933291614,4.820268071902818e-15,9.871888728098244e-23,5.172819059658562e-12,58336005.19156438,2757.3033091974025,4.794725815709402e-15,2.1654725992782186e-22,5.3927672197975266e-12,94806018.43966721,2374.899316997262,4.777700989206936e-15,4.055013273230429e-22,5.633699881348532e-12
33,137.02788636053253,664.4528122852716,150.00000000006582,43.68561027571485,9.474832434221645,838.6284865437277,3.347461949568412,1140593.0843556225,39171.93045783903,2.4343981455953894e-14,1.9409173567379867e-26,4.65655448965394e-12,2336431.390813597,38468.192816145245,2.4589829431558044e-14,4.0161204368033617e-26,1.1788924303084825e-11,3637163.7203537375,37730.52883906648,2.4807534635607808e-14,6.307781952940903e-26,1.931323646576803e-11,5083548.507754928,36943.182395940574,2.4891417915282844e-14,8.847125563118196e-26,2.3605808112230538e-11
34,15.435226193187283,602.4753671607399,200.00000000006025,10.461045159027067,5.198963136965029,623.2688372022586,24.37443054234638,24460981.432523437,33409.189966749655,2.4039788184054718e-15,1.967093149823995e-24,2.17344130942978e-12,64388318.14863647,32192.2970633643,2.6489741969151908e-15,5.739107661073095e-24,2.3431159688129805e-12,122305283.11953738,32617.822035105837,2.631965786036503e-15,1.0915034480544441e-23,2.4992313900225665e-12,196766031.8544059,34059.045244882,2.6171137856930638e-15,1.71045945851945e-23,2.700075547976683e-12
35,59.35572570065567,546.0309009068342,149.99999999999062,46.9625434931243,118.77849161456987,417.2156755812622,24.928936362379037,2457180.5096291704,25723.71214320948,8.142404476213146e-15,1.1383930726548356e-24,8.144162181388098e-12,5452093.1687621735,20370.800302633827,8.56970044055499e-15,2.666808698844628e-24,1.2119136776573471e-11,9310295.505617406,16064.74888904503,8.646117281966363e-15,4.6210056363126636e-24,1.3493801714419195e-11,14176712.151647566,12701.242473211523,8.620416995267099e-15,7.073524920029834e-24,1.4331482227428039e-11
36,887.1286566804389,938.6358930499376,100.00000000003855,16.921995785087578,22.95645225626225,522.7441522293507,19.190022512926983,149828.8751930592,55585.620793246715,1.4459965502900764e-13,6.19714347397683e-28,4.983245687192481e-12,300108.55657581484,54869.34137034499,1.4462248348258525e-13,1.2415074869870023e-27,1.4573147760135196e-11,451287.66014764033,54167.41322134597,1.4466067288848418e-13,1.8674300042559295e-27,2.8395924880097288e-11,603809.7587040935,53467.35370953035,1.4471240904645841e-13,2.499984661981957e-27,4.595048023734301e-11
37,494.5818552838928,328.6171543410945,99.99999999997084,12.424675542855184,102.37248459658149,807.178325066051,35.023712173205226,217368.58652535942,19652.100554047916,2.7418169450277428e-14,6.986317140504949e-27,8.42279896938457e-13,435138.43510565354,19587.99662803143,2.7420228423583888e-14,1.398635098340997e-26,2.4710237111869443e-12,653706.0126837326,19523.87832890528,2.7423617985274343e-14,2.101408261036968e-26,4.8304659005446736e-12,873467.2740648991,19459.78978788737,2.7428218483695055e-14,2.808314143151051e-26,7.843982296877436e-12
38,11.145809261475526,205.85175603628733,200.0000000000172,39.9522360693607,0.5089642604497631,708.5319575387256,33.431344751727536,19884315.259183522,12345.497571052441,6.804819026313363e-16,2.478779629096579e-25,2.1999883858738107e-12,47848316.02109375,12337.536067109595,7.335925877478134e-16,6.43056485849519e-25,2.5153592062003458e-12,87026697.08605807,12326.456995715213,7.327844241185987e-16,1.1683747045473603e-24,2.719302968433911e-12,137973223.57941946,12312.433523200449,7.273196517384644e-16,1.8386868698934572e-24,2.8765293928929e-12
39,191.4653782834536,544.233028264606,100.00000000000578,17.763433661314327,5.475041567348628,995.103171328146,24.4275833058624,745904.4799275703,32552.99967589535,1.762868283076051e-14,3.321373618525697e-27,3.735262598303229e-12,1506716.1095567378,32450.64074651061,1.7678409478017633e-14,6.728065194737973e-27,1.000741904531869e-11,2296739.2923293845,32344.986495895104,1.7745896214783128e-14,1.029502475055345e-26,1.7417331023482436e-11,3129181.8753013215,32234.360857576925,1.7805060429542886e-14,1.407329959303449e-26,2.108117378604995e-11
40,10.133383430471048,565.3559366704957,99.99999999999658,26.18250880389976,197.9293505659789,584.7683934960046,28.185283668798583,47539179.11322061,3633.952990622959,8.682911519928203e-16,1.3923984754932241e-22,2.9963503153799804e-12,126720481.60787879,2279.2392420397314,9.612925091772362e-16,4.564674499288013e-22,3.147166748624952e-12,239877218.6228203,2513.6444043173783,9.518451461648379e-16,9.652112126267429e-22,3.2914118810893647e-12,381623288.2858116,3384.191233756778,9.440490876079872e-16,1.0219295831153137e-21,3.477687747377418e-12
41,257.62834800623665,818.8792919507292,99.9999999999757,21.335594989361837,0.6581053913015658,908.2068315706072,33.68213364201946,574344.3070501749,49081.50852992627,3.649539541856045e-14,2.3360998412926834e-28,1.859229911421349e-12,1161926.5398740973,49029.27547001126,3.662277565864275e-14,4.742541620878765e-28,1.1008958069157967e-11,1775362.8508940889,48974.88491531956,3.678807916945922e-14,7.279072347726239e-28,3.3367388891468497e-11,2426153.4783059447,48917.30091538293,3.691938326107952e-14,9.98288702373968e-28,3.981059245954779e-11
42,60.15029345223061,458.7627285859023,99.9999999999966,45.963172316543606,83.0382995160634,406.9238128606221,4.279443560400883,2565178.132084937,24294.689064021335,5.256196855390069e-15,6.209330220913054e-25,5.358998667767528e-12,5444079.4120116765,21462.173617377994,5.4179589517992296e-15,1.3590039428922472e-24,1.1909356690822893e-11,8873446.544542804,18841.814391954897,5.480893950337113e-15,2.243109947563824e-24,1.61128263322179e-11,13000039.003849126,16429.471428425768,5.476601515679745e-15,3.2890588100814534e-24,1.765397677175791e-11
43,19.207974950212268,510.6513051313685,199.9999999998969,38.76902070825733,0.1935004004213988,916.3125858173632,30.96501889299333,14473248.9015951,30582.84483974088,2.857826240470488e-15,3.9102757800178405e-26,3.286440444127258e-12,36547880.07792663,30503.436359308915,3.121501173024275e-15,1.0786205778751824e-25,3.6126209152045096e-12,68299515.73445138,30416.031792567974,3.113370090794069e-15,2.0106999880440329e-25,3.829587988276076e-12,109613559.0865463,30355.32796665252,3.098819624387524e-15,3.2123910753915857e-25,4.025869665553969e-12
44,13.856844426742803,421.1318095681664,99.99999999999709,35.37385274656515,9.457515471089298,821.6434169564155,17.294829433790813,21881554.774117455,23126.152954321347,9.497197938272137e-16,2.239044220241153e-24,3.758768834830202e-12,55396212.561334655,20569.49876244499,1.0385902743993322e-15,6.2091723662864236e-24,4.084492865163168e-12,103526743.47572541,18108.304513912306,1.0357167596797e-15,1.1600626866346321e-23,4.278021453759796e-12,165885893.5765031,16356.122340373136,1.0309646898990114e-15,1.856065369611372e-23,4.428309440114165e-12
45,974.2234135278916,539.6416739792603,99.99999999994648,12.395316613831683,22.159854792353443,486.784713342738,5.3317881425601685,130993.51563974605,32316.6883633297,8.901445021526141e-14,4.643565747821957e-28,1.1263971162148908e-12,262105.0453208642,32255.718635432728,8.901679659090654e-14,9.291474761407711e-28,3.319749607494467e-12,393451.3656614686,32194.613955931338,8.902044729073463e-14,1.394818314585704e-27,6.533867748207376e-12,525149.495056204,32134.13779789002,8.902571934621599e-14,1.8617748141300172e-27,1.070564926178477e-11
46,39.872494118858825,968.8029240814514,100.00000000004174,16.011677803478108,6.666832911958427,453.9969736245162,36.05677037255828,6527554.47836297,49469.24909904997,5.501194807836584e-15,1.4313399845156479e-25,1.1271563184462745e-11,16392084.227121204,42086.467553954506,6.0056949957311935e-15,3.9274308008557327e-25,1.2221224430804379e-11,30558944.236805987,38467.02532208942,6.00007153753442e-15,7.324347601341867e-25,1.2695572620313744e-11,49022379.63673394,38562.16216680301,5.981596145787346e-15,1.173309968786983e-24,1.3005177298066776e-11
47,52.575304606222126,850.4441690631583,100.00000000002557,39.75315515883915,0.5975419361554033,764.6919377148052,30.395751382928864,4084497.633146729,50557.20497677339,7.742564689643322e-15,7.399147853485733e-27,1.7134622673489636e-11,9406097.382467503,49969.958444600816,8.262648180318997e-15,1.818444698414349e-26,2.0167207733737405e-11,16573279.958227998,49244.23763177064,8.309716129106751e-15,3.2224535997596526e-26,2.185880061256804e-11,25770364.4663775,48454.25845891029,8.280213353679233e-15,4.993233972152134e-26,2.282086410532832e-11
48,22.213516676734933,349.483970552888,150.0000000001171,29.921081829823645,171.32186621241615,776.4550631869264,21.912075360541987,7620934.3528292645,16376.705023370016,1.711745707291454e-15,1.2014043275251477e-23,3.668101103409877e-12,19097493.09763911,12304.100409372513,1.8660606656995947e-15,3.328631184024229e-23,4.02178739749177e-12,35638380.138452604,9089.343157043682,1.864928266382152e-15,6.342999369540824e-23,4.219309218538061e-12,57356325.734089054,6833.922043844341,1.859535379477182e-15,1.0465649403795206e-22,4.362914734223338e-12
49,24.43758837462123,1143.9681116258616,199.9999999999796,38.55225619860254,0.2343013881331632,545.1702796388361,17.654708130283982,17735479.51166322,67128.25590036064,8.067758004158621e-15,4.51793464766765e-26,6.0936103526924706e-12,46522827.36768826,67051.66126564771,8.898837994287908e-15,1.3077516368089331e-25,6.467288545000799e-12,87869599.90700261,67509.95950329851,8.836758860015152e-15,2.4541020228545107e-25,6.780075728691107e-12,140374700.34791365,67748.02936501463,8.780858211762301e-15,3.9013013451989457e-25,7.168303784499651e-12
50,172.08186692014206,1134.051368362638,100.00000000003402,15.925676710904488,213.51497046877236,535.2688514163403,7.177856973838731,561518.2805794142,37933.34627248191,2.8877450549551674e-14,9.499905202589368e-26,3.9438229093419846e-11,1279351.7852279197,24250.61130047406,3.069354885394293e-14,2.304984830113017e-25,4.6915160506731136e-11,2237028.5959916734,16418.17343560348,3.090858892315729e-14,4.0708539858152917e-25,5.10188474088655e-11,3465698.766654479,11675.73602885772,3.0817478285027904e-14,6.313843607039581e-25,5.3319666194853894e-11
51,410.2537311405381,648.1464958283706,199.99999999989768,28.28325438312451,45.9613909699606,592.2927395439517,39.44975393730153,307478.6860038076,38248.56333741536,8.934173584345453e-14,1.0652921169402534e-26,2.6974911573042454e-12,617341.1445660226,37624.13246517938,8.940153779668018e-14,2.140253027622108e-26,7.654829906977973e-12,931935.49159487,37010.23125155094,8.949632364535746e-14,3.234360592595692e-26,1.4317875606197195e-11,1253541.5435765474,36402.61662105394,8.961505675804003e-14,4.356391378041929e-26,2.2027721327772137e-11
52,921.3207691536884,797.6430068727188,200.00000000012105,23.041010294113157,185.77413477565992,769.5063546768041,17.210886935362684,88088.78485512859,46294.692153102646,2.434927770373552e-13,5.4168185612200706e-27,5.283397921674879e-12,176675.12942827702,44821.24820172496,2.4359316635690377e-13,1.0868617743682205e-26,1.5096531357270902e-11,266251.54410733137,43423.13836653117,2.437546751850079e-13,1.639012381159329e-26,2.8449884720127205e-11,357300.1172577627,42086.33170452491,2.4396655223335933e-13,2.201570632704897e-26,4.413685923633338e-11
53,90.09572367928097,767.8086854749231,200.00000000003084,36.30466310307884,38.72833780261495,571.8073908240953,10.731833795203912,1744515.5271886494,40213.48133077931,2.1414176132717958e-14,2.137864434266282e-25,1.0385722898398448e-11,3784168.1335268426,35011.2655110984,2.2316692056123202e-14,4.84015811607694e-25,1.3956952748844338e-11,6318826.026465691,30196.952834206386,2.2553360832346863e-14,8.191279782074012e-25,1.5887425823769222e-11,9453721.881965186,25895.888760414357,2.2504074670311943e-14,1.2280484991611067e-24,1.711749812684196e-11
54,19.96207270592912,1146.5840670278933,99.99999999999358,42.31257106177205,176.13467948385104,921.4145626871824,12.066392824051007,24171353.126108814,2126.4935256685517,3.8681168446803536e-15,3.5363488795827724e-23,1.11169957401529e-11,64111883.601080716,1899.312871407313,4.282622591198669e-15,1.138943735349693e-22,1.1545450515684389e-11,120966360.04697162,2674.563265903517,4.242648798639393e-15,2.3725285872276573e-22,1.1913464361944852e-11,191958810.80706036,3773.805303820093,4.209862634107754e-15,4.155811793696846e-22,1.2366194926652972e-11
55,11.828229087835114,699.587469874158,200.00000000002044,49.652845468378885,55.16722217915149,597.5302262233133,34.56568621029197,44126157.44769263,9026.171469468181,2.482648928961233e-15,6.138575891141916e-23,2.8526721503747248e-12,116164980.88746192,7485.224706862204,2.741001116642854e-15,1.9821853793989392e-22,3.1489195297981185e-12,218226912.52380347,9214.727575598989,2.709131489130009e-15,4.044233838702952e-22,3.548131695512292e-12,345266267.6048747,11402.545253238519,2.6798787932892272e-15,6.792692604347819e-22,4.0334736210971735e-12
56,19.18856001432356,1063.9331185258295,199.9999999999721,16.54464934020816,2.7150455327163154,689.5256853195887,1.7914776987160104,26628025.5387212,55882.09972023148,5.408147455902051e-15,9.226282407373425e-25,3.727672716908092e-12,70289040.25962213,58317.76302143185,5.979382591646751e-15,2.7107675570255528e-24,3.9622259404975146e-12,132501129.50462314,59800.22214594751,5.925682806378547e-15,5.1027920370173415e-24,4.221809483912214e-12,210435834.59103003,60403.90456511481,5.879224283939736e-15,8.08796240361428e-24,4.582369151907958e-12
57,391.8155182114801,214.90143479310004,149.99999999997897,49.63712002149072,99.33769877809408,470.5438283735907,17.92395066899935,304529.9292405963,12871.347409660511,2.4844789224428612e-14,2.096884457004708e-26,1.7611941303246836e-13,609337.342711725,12848.596392419115,2.4845422762862865e-14,4.195864855536408e-26,5.193191938337688e-13,914701.0743022995,12825.903968984478,2.48464522133749e-14,6.298952486832228e-26,1.0272688074942649e-12,1220897.9604443994,12803.257662168686,2.484790082615062e-14,8.408148211974343e-26,1.6971647314954597e-12
58,948.6594087347496,410.6089767999596,100.00000000000104,43.99208485150547,64.86095810151183,748.2772659976025,2.9511952816971143,143214.37022590786,24535.80341413149,8.246558958597279e-14,1.908036488350512e-27,2.805449263596355e-13,286489.74281383504,24436.304884603618,8.246623044592138e-14,3.816851979490161e-27,8.277567171972444e-13,429884.1699401989,24337.367694379955,8.24675342081728e-14,5.7273041509412756e-27,1.6391774618168769e-12,573457.4860895163,24239.10599737282,8.24687628834729e-14,7.64015532007874e-27,2.7121740169730907e-12
59,102.81479932472551,374.1247200874751,200.00000000011585,40.45536471531943,47.64907157125658,613.7218208521049,29.882239471667138,1325448.7794791828,22084.380756121947,1.3015805293296152e-14,1.9134295372635148e-25,1.9290826833823584e-12,2699610.9251498813,21719.08610166651,1.3104998342706891e-14,3.924651244847332e-25,5.1522773215143465e-12,4167494.696228336,21340.20503842346,1.3198580823729526e-14,6.1037386053512775e-25,9.006594869162718e-12,5767887.954745764,20939.843237294892,1.3248409761879232e-14,8.483332445011666e-25,1.183486021615934e-11
60,13.846404710174832,1068.5421369736268,99.99999999997824,46.64118309505162,1.032170960678324,654.3281547259475,7.492070278502317,46255922.465728335,52619.33063068394,2.5724118747498656e-15,5.521778751096745e-25,7.684306056556803e-12,119835958.2910191,54923.79339262198,2.847887492213201e-15,1.5852592951198542e-24,8.103214643274964e-12,221003215.03565198,57965.91370976408,2.810556380817597e-15,2.8884630921132804e-24,8.51930168500842e-12,291951958.3466392,58897.443474327745,1.0187294889979865e-15,1.3897080375715211e-24,1.74120636252018e-11
61,801.8665372506978,1116.8582996815633,149.99999999994074,40.19035334697023,20.725843901414542,476.7177314962551,7.144719753064027,176773.83840915252,65200.74181351059,2.49438071133364e-13,1.1713510658509209e-27,4.258241175731071e-12,354328.2622181091,63477.598688529084,2.495090514227035e-13,2.348586825784585e-27,1.2361314956076774e-11,533438.4499757246,61829.71220002701,2.496250696284376e-13,3.537488810130862e-27,2.3858522046620224e-11,714866.2206096983,60246.25869051868,2.497793527100324e-13,4.7436331487171136e-27,3.815244841575831e-11
62,691.7253733708068,156.57116591462153,100.00000000000468,47.59488535113842,3.9727597400685744,793.9253482967878,29.564888987811464,219333.20284368307,9394.00674510419,2.3498997163670073e-14,2.5157155077810864e-28,3.586432206503622e-14,438686.95158268383,9393.845262610663,2.3499001766505213e-14,5.031644339418115e-28,1.0473399846954673e-13,658079.6480521843,9393.64746912204,2.3499045623975145e-14,7.548039318523576e-28,2.065425165331167e-13,877531.074366722,9393.42578231727,2.3499133546610332e-14,1.0065157852639184e-27,3.413198050371507e-13
63,146.02293556938946,209.39803859214317,149.99999999999758,12.07538212649236,64.10056478264461,689.5123969296721,11.307183698634455,792199.0227169782,12542.31700815323,7.345425084137528e-15,7.689481583420543e-26,9.518191245886965e-13,1590612.645663155,12520.617288702131,7.350429135917203e-15,1.5450093381024228e-25,2.709268504208374e-12,2401362.922437599,12498.613226800024,7.358242857531667e-15,2.3350479296235887e-25,5.095434752190372e-12,3230391.223826451,12481.348349107573,7.368004102547673e-15,3.144114402799855e-25,7.1534320952657826e-12
64,13.316094523060515,642.8506872149691,99.99999999996214,21.772823110216574,65.86368465345973,964.0050205862644,10.294809181123776,32841639.413950346,10583.282876490763,1.2575341585736525e-15,2.2377737007521e-23,3.714547878647912e-12,86662954.4074557,7084.928795953656,1.38879798604323e-15,6.723516242851903e-23,3.905831053062371e-12,164011210.87282264,7631.226157994768,1.3784321714248806e-15,1.3142771975104881e-22,4.052616658527733e-12,262048211.66573507,10799.037516003604,1.3696378970095497e-15,1.1175853715611995e-22,4.222291128476606e-12
65,887.5942377482911,79.49412248567246,200.00000000005517,11.599006829785608,4.805104187810864,933.2686738581604,35.629761535672245,138417.49047392278,4769.140329856117,2.2869880969832994e-14,2.2357921317577357e-28,1.4126377913879004e-14,276847.59181056626,4769.502322097353,2.2869847793531473e-14,4.4714370587846735e-28,7.805291984624733e-14,415283.2175657568,4769.5724088654715,2.286987828091273e-14,6.707249506331925e-28,1.52099584561594e-13,553728.8269881692,4769.5933969000425,2.2869800870103133e-14,8.943208300038068e-28,2.504194830332419e-13
66,82.5837005338299,772.0960312523686,99.9999999999491,26.66011875494374,174.0904854670039,637.7854722086244,3.642400404204124,1559001.8439701288,27583.081808513296,1.0152478969775116e-14,4.823526330482044e-25,1.9476191818800428e-11,3585989.0117370007,18086.8731493187,1.0826316810169791e-14,1.1866241361417644e-24,2.2907944461236996e-11,6318099.0002810685,12386.787323558556,1.0892936125332778e-14,2.1136707479747736e-24,2.474473997557766e-11,9835670.39019531,8862.633285118885,1.0859637324537236e-14,3.3019855765512757e-24,2.5765113993046043e-11
67,11.179298766785594,949.236775445776,149.9999999999955,11.05419036001029,2.1553242220612243,750.5879999604394,22.2097580330449,66996336.31337666,53262.126177365,2.101762616824791e-15,2.365005968074531e-24,2.351513245891449e-12,173826670.14729348,54790.36681657005,2.3310144193144428e-15,6.843782472310312e-24,2.5430224294860032e-12,319348235.5834842,55211.950391078586,2.295271230201179e-15,1.2436856345950253e-23,2.812785765887735e-12,394451185.80780685,54692.00974269444,8.834361460482376e-16,5.9873198596097376e-24,4.809254327984023e-12
68,12.824890894399422,693.8121329061662,150.00000000001398,42.692580530414816,0.2521236872441111,867.5439015497819,1.3415861214742792,37771017.54206684,40989.06160350865,2.0555864272772653e-15,1.5791787978942255e-25,3.5442015253931498e-12,98929652.68183899,40666.30784730894,2.2679647062110678e-15,4.564899901575667e-25,3.790135169179749e-12,185957881.63658533,40806.151378007096,2.247311440746412e-15,8.505684828921691e-25,4.02315371071726e-12,295151607.9674588,40820.3065939646,2.227877448641351e-15,1.3447948709591035e-24,4.328130936808297e-12
69,65.30578112675113,133.70970259428276,100.0000000000028,10.090983035044031,12.993973280386118,738.8911205812045,35.944704395728394,2010543.5129191668,8020.601550871912,1.4083962383384578e-15,5.938920157548253e-26,5.687107242910653e-13,4046197.8264114275,8018.59187412534,1.410325895560224e-15,1.1968435737594228e-25,1.5985803539369837e-12,6131457.942347196,8016.528129869086,1.4132343593410833e-15,1.81740099739204e-25,2.966142133217065e-12,8289653.162932245,8014.382854635459,1.4164159638820902e-15,2.462649795771717e-25,4.2242047520036375e-12
70,17.9648422240075,109.301270474668,149.9999999999487,20.363189298654547,29.70250516893768,727.8263484593308,31.587943639245285,8042005.426422241,6549.0381905773775,4.531081876196457e-16,2.824209222116181e-24,9.953585458261156e-13,16897190.49108384,6538.993186874852,4.642510128450399e-16,6.080305373000735e-24,2.4954337678832976e-12,27211679.20820757,6527.157662045624,4.693524660000347e-16,9.90047787887467e-24,3.531456408082476e-12,39419896.30913126,6513.044719988913,4.690519945944783e-16,1.4335102699863846e-23,3.9313924905012e-12
71,329.63346480665734,584.1041610807589,199.99999999990737,10.259632086375296,68.46328870523917,765.198798803472,24.35427038894982,342557.4945855865,34518.88473760138,5.965829911811627e-14,2.0291100745385406e-26,6.521055123015339e-12,689575.1157797469,33999.86984558022,5.974607894016609e-14,4.090791657406233e-26,1.1320923061371451e-11,1045400.2019296425,33482.73452147534,5.987752869085257e-14,6.215743114710395e-26,1.4665381662166296e-11,1414164.2521530273,32959.54820725148,6.001903854103325e-14,8.42987255826505e-26,1.7793432197174097e-11
72,22.1978874528858,214.80832183745025,150.0000000000014,31.17106788792019,115.62077052307944,547.0973899589507,18.521522080521645,6523418.656506539,12412.9032920784,1.1000783638047641e-15,7.223271804405723e-24,2.892777604556367e-12,14741510.39957064,11854.826456881834,1.1655821737036896e-15,1.7330017262800746e-23,3.704952875509312e-12,25591431.555227417,11185.703570526137,1.1737486974440025e-15,3.039410955505704e-23,4.0846602664601145e-12,39436692.8172219,10433.189281603141,1.1693393683376864e-15,4.6868910810307524e-23,4.325957307273891e-12
73,105.4613644965038,349.0510085364641,150.00000000000193,21.14327414893081,0.18682917193579,904.6868741047152,35.489611727880465,1346815.165066331,20942.08613336122,8.994691218084441e-15,5.366057128369108e-28,7.083569330000737e-13,2731897.412515668,20941.076939172737,9.037296990603844e-15,1.0936141510786689e-27,4.201879134211112e-12,4191282.509668257,20940.011137334823,9.088162915061251e-15,1.687269403420155e-27,8.053425012568541e-12,5757104.066583371,20938.922704243956,9.12264572782827e-15,2.3264053171215627e-27,9.533264821622442e-12
74,98.75475308024696,496.4717914818828,150.0000000000304,18.104350967335503,0.1798267170869879,651.2724302243323,10.062710214525428,1482644.2369246196,29784.27979030618,1.1426111164437442e-14,5.7912356395533835e-28,1.5418722119464128e-12,3062649.055162186,29779.985763399258,1.1597779570524293e-14,1.2142503153396475e-27,9.086120284290618e-12,4824069.52415535,29775.180980133126,1.1719242390116572e-14,1.9326356707555083e-27,1.1069858174829029e-11,6831413.623188645,29769.700856719464,1.174703516362948e-14,2.7433232187335576e-27,1.2592128903460668e-11
75,22.686654083274487,480.9101402293392,100.0000000000114,13.891863543538769,1.037558597344138,965.8094381448016,13.903177640751574,10517951.60393087,28703.22873200476,1.5356060806897769e-15,6.232063220097304e-26,4.155300929017842e-12,25996734.1607279,28492.271246938635,1.6702596321192288e-15,1.6755862813621387e-25,4.5832972001763895e-12,48057116.856152035,28237.161731856773,1.6705706455224726e-15,3.09851736501075e-25,4.810238306277139e-12,76822500.84432212,28006.828491537453,1.6652144851851909e-15,4.938311763184439e-25,4.962749445592612e-12
76,22.25551968304101,59.29136045746004,200.00000000003277,46.54717347586591,17.496207471118183,843.4869375548313,7.369917221601026,6330277.463901869,3557.059969101113,4.660091568584916e-16,1.6176546340702623e-24,7.713303521546174e-13,12770718.763774302,3556.628327853024,4.667462438486881e-16,3.268621756696528e-24,2.110703818138544e-12,19427790.16500996,3556.180208190355,4.67718002398567e-16,4.982830554401254e-24,3.848047602238775e-12,26401122.749180395,3555.707683000711,4.684298814399691e-16,6.78166218491427e-24,5.789831606730496e-12
77,158.28653330526018,67.11966828439915,149.99999999997047,10.110479081050338,51.85461154649291,854.3968174139997,0.4538743600713767,721285.7799855102,4026.984561812625,2.584226347832796e-15,5.290339771944416e-26,9.852486092996101e-14,1443062.520996128,4026.8502961940085,2.5842585663714944e-15,1.0584347953361365e-25,2.899198374572515e-13,2165811.0546493186,4026.6951510253066,2.5843076283297038e-15,1.5885736470369045e-25,5.729702900946355e-13,2890016.948988613,4026.5315829302185,2.5843743310086228e-15,2.1198193079665983e-25,9.464179554102892e-13
78,14.707942254332789,339.9804065702316,99.99999999999916,25.33708198927493,0.2084607195841772,887.8765395377322,30.20119300554009,17273602.890870668,20383.272926483474,7.6567234906079e-16,3.450551925570894e-26,2.9162593294615282e-12,42608489.45829695,20360.762340336765,8.323492906091485e-16,9.252797569120024e-26,3.2422129662860774e-12,78628706.59147462,20330.486042254935,8.321483914250989e-16,1.7071304598751864e-25,3.434043464559514e-12,125493517.6159136,20295.99285235056,8.288515746186848e-16,2.713941655328967e-25,3.5712097127320584e-12
79,46.54118355010034,671.0861650065099,100.00000000003584,44.59281256424047,206.91072538428315,939.2817877703008,26.194820241895027,3251947.2083401033,17458.058063997458,5.4480652492589246e-15,2.331520456747093e-24,1.6747151476027098e-11,8064935.284009413,9513.84345838507,5.927691244161615e-15,6.346312654836809e-24,1.8397853266705425e-11,14961859.903985806,5796.612918264273,5.930857665129895e-15,1.1939044292170855e-23,1.922501766468408e-11,24009623.38245308,3885.6963131520724,5.916455818123766e-15,1.945205613626806e-23,1.973707279484887e-11
80,326.6801353561734,1004.0217744418871,199.9999999999872,43.018982196235626,1.9276075488514672,699.1884695832674,27.567216788180524,450848.8412600435,59975.55177109686,1.1381794658170933e-13,8.496968173173865e-28,5.8484236833458985e-12,911463.6677984872,59706.52387364683,1.1417992457805053e-13,1.72326697384019e-27,1.5807385515488906e-11,1391180.5424771279,59429.056918240465,1.1465954412092033e-13,2.641315777002333e-27,2.7870598615326286e-11,1898559.080147701,59138.92889047814,1.1505687624205857e-13,3.617161855763732e-27,3.8564307498568605e-11
81,84.18001825811874,947.616129647834,199.99999999999696,40.80163491888501,0.1686535778083241,950.977649585866,21.94340634613394,2144093.9540910656,56770.473246601345,2.4663258818360014e-14,1.2224575703878064e-27,1.3274780964903674e-11,4769372.3671444375,56666.25034970491,2.5986951180058462e-14,2.8652470110767462e-27,1.6283368226077544e-11,8162122.063888482,56537.602627969165,2.621268136882389e-14,4.946190156905409e-27,1.8124412587035413e-11,12445400.380657876,56390.40093379588,2.6131767107024673e-14,7.518814240100178e-27,1.926888415788926e-11
82,17.482184531660085,992.3113949133506,100.0000000000226,40.67193607800267,1.049962345148482,701.8917572684577,37.01195194013679,28376666.269420486,51901.842437231935,2.9009292923675097e-15,2.6241766599493905e-25,8.35148062726048e-12,74054521.28124297,50348.235459128235,3.202888623541446e-15,7.565794300986521e-25,8.766413513600652e-12,138740039.55380598,52416.36721879308,3.1757600322396275e-15,1.4065575652537802e-24,9.0881762046196e-12,219508797.7045069,55911.25430363322,3.150265185948946e-15,2.1393129716546314e-24,9.45910888320641e-12
83,941.3811806770732,278.4832343226394,149.99999999999184,44.15998662823072,0.4950249451189291,469.8428432457557,26.813853321009585,153127.92441688408,16708.885740850477,7.57930855604248e-14,2.142751634631212e-29,2.053281900809958e-14,306283.37656210904,16708.693515237082,7.57934225325543e-14,4.285917412810453e-29,1.2122269944781057e-13,459494.7746014599,16708.53365657645,7.579358669495587e-14,6.429867873280964e-29,3.606483043808542e-13,612789.9983651444,16708.25578569362,7.579384033731248e-14,8.575072848475914e-29,7.976107796664554e-13
84,39.75433530782182,572.8759555612985,100.00000000001246,24.79820268228785,19.50525999177177,780.1571774297521,34.92868034471924,4922454.3830893645,31367.70089932382,3.563004627581671e-15,3.4790249728126594e-25,8.271633361244243e-12,11368466.426418362,28167.415148134685,3.8053191380056644e-15,8.587744535398967e-25,9.713876559825251e-12,20082150.19330576,24837.543071028285,3.8264401974493885e-15,1.5273544694866787e-24,1.0515054720372717e-11,31290668.812697526,21743.68337927323,3.8133541489764415e-15,2.3758059327652243e-24,1.0996961106773749e-11
85,792.8429819309966,173.62117613666192,99.99999999997588,40.76361482963679,0.2652767056594349,619.6384740062233,11.241150903280612,189015.09341567333,10417.534955161469,2.862566094483553e-14,1.2104708863652726e-29,4.981669667121319e-15,378043.54228729365,10417.306518126863,2.862566390547448e-14,2.4210766787746567e-29,2.9242410613107774e-14,567105.9497160935,10417.248992587134,2.8625718472465244e-14,3.6318962939176523e-29,8.676043278722758e-14,756218.4414679524,10417.326003786013,2.862582427743874e-14,4.8429968071851053e-29,1.9237323501465978e-13
86,385.8606916603851,367.75558425573126,149.9999999999872,30.965231927099776,74.29667494055386,885.5727142186628,39.06275916261204,315347.1234375254,21938.34897606552,3.8038528698506375e-14,1.4981475776119048e-26,6.59166863075743e-13,631596.649210638,21812.49844005699,3.8044055380438077e-14,3.001019540521843e-26,1.9335228185182204e-12,949644.2498442719,21687.30904147072,3.8053220852622254e-14,4.5133211781758055e-26,3.788275449058362e-12,1270377.5540576999,21562.277605658655,3.8065482004425e-14,6.03968848291321e-26,6.1768690110910884e-12
87,653.3137683482071,905.3007446696024,200.00000000002777,44.00271113961448,146.4688636522115,512.3721716458167,10.729195726918729,156653.4552468429,49998.06717003087,2.1055919204129578e-13,1.1507915372518521e-26,4.488274320156012e-12,314679.45958936727,46284.003655603046,2.1072948312567635e-13,2.313491376353884e-26,1.2810093180678022e-11,475428.19269680796,43031.151901198624,2.109950365839577e-13,3.4997914532545324e-26,2.4195971415046876e-11,640204.8958685844,40138.49574456188,2.1132391765627679e-13,4.720465707823227e-26,3.768628157074944e-11
88,143.12165973364804,1082.1548179718814,100.00000000000412,22.376040946693116,0.3548667324529124,952.444789977732,13.41630591870222,1151504.8861781573,64757.98977739406,2.5259029013637587e-14,4.2858880009115285e-28,6.326678096884167e-12,2436351.4232835956,64569.13779010282,2.5994131731768763e-14,9.332013530839406e-28,3.304885584918981e-11,3956688.899136428,64350.60067793783,2.6299100206944223e-14,1.5333295237687298e-27,3.8703914396543823e-11,5777310.851079805,64098.7414921769,2.6287810155268962e-14,2.2379297695954158e-27,4.253078470275778e-11
89,218.26499363731304,637.4394463609785,150.00000000005636,31.04616998696245,24.50258701216524,887.7914341633435,1.871043462655901,644540.7920620238,37484.50507871564,3.6015250525069994e-14,1.723978978531653e-26,3.554715657655157e-12,1302950.0970675987,36736.61458059787,3.6128552623698955e-14,3.4960554636960074e-26,9.623213207810391e-12,1988491.503704581,35988.416649661965,3.627912475699044e-14,5.357938505682569e-26,1.7001966066051122e-11,2713334.212015654,35229.40367146888,3.6404227065150764e-14,7.336753935161931e-26,2.396160705493973e-11
90,640.9539269438856,691.6066284058523,200.0000000000187,42.99796904438428,0.5793428704299889,527.043817238841,29.13131146703141,220933.00122358976,41487.417963083084,1.5935271663622004e-13,6.607487678659987e-29,3.641719097505793e-13,442460.4373341992,41478.670079366115,1.5937418433686086e-13,1.323449773218896e-28,2.157496207819971e-12,665173.524637932,41469.788783594704,1.5940854836639066e-13,1.9900376820899727e-28,6.437737742252172e-12,889657.8652895583,41459.61404313874,1.5945657822919358e-13,2.662519294757908e-28,1.1261088144297102e-11
91,18.45023535315535,347.93893259473464,199.9999999999781,19.343722630291097,0.2049926028953628,721.5270909014295,17.48914098715969,11984707.973128075,20867.68617806596,1.7531282356445414e-15,3.3471235911352325e-26,2.406976341792734e-12,29326026.416163396,20855.255524368422,1.9010492447550253e-15,8.881611085739768e-26,2.703073807979577e-12,53908970.156088,20838.74146942411,1.9013434896274072e-15,1.6330123836823986e-25,2.8821230963006722e-12,85971074.07267717,20820.44904981189,1.8932300142875168e-15,2.5933034495689077e-25,3.0125095222194237e-12
92,51.16079654426394,534.5583180897966,200.00000000003948,18.5233966074926,18.037911566663418,643.3655022645188,6.198360005159862,3228386.6884941086,31010.742696121753,7.726496197645964e-15,2.9612641547048587e-25,5.2036495688184224e-12,7249596.57189944,29776.50245490528,8.170267729838469e-15,7.039438191348375e-25,6.316135560336285e-12,12514846.163760586,28320.29350487768,8.23483504497838e-15,1.227185891813102e-24,6.9806596991283e-12,19206142.970147595,26730.499159322695,8.208054797654715e-15,1.8823549521801004e-24,7.391143407491039e-12
93,531.1394186924412,273.6674729502007,150.0000000000018,30.223849155013603,194.4379720709256,497.18206650585495,12.196736652282109,152439.52052727735,16370.623040799168,3.9036100712342456e-14,1.379460111945046e-26,5.244487194967529e-13,305166.44882945705,16321.705673728158,3.9039132648615846e-14,2.7617621193862777e-26,1.545466136774273e-12,458464.6494794538,16272.778785089275,3.904412424532036e-14,4.1497151386174476e-26,3.0466047602525308e-12,612617.6820460565,16224.069428170676,3.9050770661222506e-14,5.545976815082682e-26,5.005868795990176e-12
94,31.911437432799808,1037.227470404381,199.9999999999326,46.55816553159976,0.1599527642650467,403.0569081659885,22.49676317184703,10073997.536698202,61688.954074682646,9.884254595977416e-15,1.3880185596286136e-26,7.825330467788977e-12,25846520.341177415,61190.53916970885,1.0841347316002334e-14,3.9065715304095616e-26,8.392997315956703e-12,48610167.79855912,61101.77382176821,1.0803761809623006e-14,7.323201349275371e-26,8.746127922045085e-12,78070709.42347468,61274.345433772214,1.0758212007513914e-14,1.1714643788329993e-25,9.07173722845445e-12
95,233.77615242488451,1095.7393515624476,199.99999999995563,37.25149903447508,0.1116628169887845,615.7640866469732,8.503575237586325,645379.7429536227,65714.50189129883,8.455144708856635e-14,9.365469025670187e-29,1.3155343222850844e-12,1323777.243287314,65683.20837874837,8.547058015368435e-14,1.941891966498455e-28,7.876717590017439e-12,2064682.9900587068,65649.20027416522,8.625634961942567e-14,3.056600715221967e-28,2.4475068809376696e-11,2892054.672935786,65611.63411178044,8.65384400557576e-14,4.295469383392777e-28,3.6283468162166357e-11
96,250.24781644128083,58.115647174397296,199.99999999989888,23.598461812349974,4.201352974278604,688.4254361965893,11.55493291431896,513922.0632867437,3486.838924331766,4.9317446541147686e-15,2.693128402563733e-27,5.0738559684739976e-14,1027921.1920745303,3486.9063559354945,4.931730641220437e-15,5.3865318146872414e-27,1.4690723581901508e-13,1542078.779867606,3486.9158067144717,4.9317102635863705e-15,8.080760657247133e-27,2.885777029902093e-13,2056471.909182965,3486.836003407262,4.931712140708439e-15,1.077650199245099e-26,4.763506366023338e-13
97,283.7248058250124,380.2119377302458,150.00000000003712,10.11282768100383,24.04539856216468,957.9918552657408,2.5873910738152954,435452.68068225746,22767.124959031386,2.5740317962780806e-14,8.105075377341819e-27,2.2252613477621648e-12,873515.8146143391,22721.30893873802,2.5751924641886635e-14,1.6266113763366178e-26,6.230974840885354e-12,1316771.6378451365,22675.120039592763,2.5770667322740922e-14,2.4538106290899148e-26,9.09442665144469e-12,1767743.8797396908,22628.28353095162,2.5795404860175735e-14,3.297380125096971e-26,1.1175659626585787e-11
98,165.58896092912883,978.6537518722324,199.99999999997493,44.25198336132072,18.62205670178241,475.5475094074922,24.891551778645308,927195.1710557776,54249.20978550792,5.381358350717604e-14,3.1873565922125764e-26,1.0135977739659395e-11,1928172.8226340725,50133.69079950034,5.483876223012672e-14,6.756350039083335e-26,2.236952321133953e-11,3064545.928065858,46173.70624282014,5.5453631704725465e-14,1.0864392212189188e-25,2.6942822564788728e-11,4381091.698066996,42337.330393943004,5.5536804561150844e-14,1.5568468329289958e-25,3.0302400497660954e-11
99,901.6245574939412,722.7686268748454,150.00000000008794,35.52691998894073,4.60825079632733,757.2526576469124,22.365058215694745,157238.87739098293,43304.07672742022,1.7939950126743827e-13,2.0363930353403504e-28,1.0509519095736278e-12,314706.41509421705,43242.72498248081,1.794092148786697e-13,4.075940164212722e-28,3.096070562550717e-12,472629.32141872204,43181.16058596176,1.7942497375890528e-13,6.121814524414922e-28,6.0977066102341576e-12,631233.9645103039,43122.06734697932,1.7944541802037216e-13,8.176597169022265e-28,1.0006443667723949e-11
